{"video_test_0000004": [3.8846153846153846, 52], "video_test_0000006": [3.855769230769231, 104], "video_test_0000007": [3.8408488063660475, 754], "video_test_0000011": [3.8536585365853657, 123], "video_test_0000026": [3.845679012345679, 324], "video_test_0000028": [3.854625550660793, 227], "video_test_0000039": [3.83943661971831, 355], "video_test_0000045": [3.844686648501362, 367], "video_test_0000046": [3.851985559566787, 277], "video_test_0000051": [3.839779005524862, 181], "video_test_0000058": [3.842696629213483, 178], "video_test_0000062": [4.3478260869565215, 23], "video_test_0000073": [3.8506493506493507, 154], "video_test_0000085": [3.8488372093023258, 344], "video_test_0000113": [3.8507462686567164, 134], "video_test_0000129": [3.849498327759197, 299], "video_test_0000131": [3.838235294117647, 204], "video_test_0000173": [3.842809364548495, 299], "video_test_0000179": [3.844106463878327, 263], "video_test_0000188": [3.8430439952437574, 841], "video_test_0000211": [3.844155844155844, 154], "video_test_0000220": [3.8411458333333335, 384], "video_test_0000238": [3.84375, 160], "video_test_0000242": [3.8493150684931505, 73], "video_test_0000250": [3.8429003021148036, 331], "video_test_0000254": [3.8470948012232418, 327], "video_test_0000270": [3.84, 275], "video_test_0000273": [3.8358208955223883, 201], "video_test_0000278": [3.8392857142857144, 336], "video_test_0000285": [3.8438538205980066, 301], "video_test_0000292": [3.8559322033898304, 118], "video_test_0000293": [3.8461538461538463, 364], "video_test_0000308": [3.8412698412698414, 378], "video_test_0000319": [3.8518518518518516, 216], "video_test_0000324": [3.8491379310344827, 232], "video_test_0000353": [3.857142857142857, 112], "video_test_0000355": [3.840436075322101, 1009], "video_test_0000357": [3.8383838383838382, 198], "video_test_0000367": [3.844380403458213, 347], "video_test_0000372": [3.840958605664488, 459], "video_test_0000374": [3.8421052631578947, 190], "video_test_0000379": [3.8369811320754716, 1325], "video_test_0000392": [3.8488372093023258, 172], "video_test_0000405": [3.8397212543554007, 287], "video_test_0000412": [3.8395061728395063, 324], "video_test_0000413": [3.878787878787879, 66], "video_test_0000423": [3.8496932515337425, 326], "video_test_0000426": [3.8410041841004183, 239], "video_test_0000429": [3.837962962962963, 216], "video_test_0000437": [3.843260188087774, 319], "video_test_0000442": [3.8388429752066116, 242], "video_test_0000443": [3.841758241758242, 455], "video_test_0000444": [3.8448979591836734, 245], "video_test_0000448": [3.858974358974359, 156], "video_test_0000450": [3.8636363636363638, 44], "video_test_0000461": [3.854922279792746, 193], "video_test_0000464": [3.841298467087466, 1109], "video_test_0000504": [3.8584070796460175, 113], "video_test_0000505": [3.838709677419355, 372], "video_test_0000538": [3.83859649122807, 285], "video_test_0000541": [3.888888888888889, 45], "video_test_0000549": [3.864864864864865, 111], "video_test_0000556": [3.857142857142857, 105], "video_test_0000558": [3.8498402555910545, 313], "video_test_0000560": [3.8461538461538463, 78], "video_test_0000569": [3.854014598540146, 137], "video_test_0000577": [3.84765625, 256], "video_test_0000591": [3.8461538461538463, 52], "video_test_0000593": [3.8620689655172415, 87], "video_test_0000601": [3.844213649851632, 674], "video_test_0000602": [3.845679012345679, 324], "video_test_0000611": [3.838709677419355, 279], "video_test_0000615": [3.847826086956522, 322], "video_test_0000617": [3.8450980392156864, 510], "video_test_0000622": [3.846875, 320], "video_test_0000624": [3.839572192513369, 187], "video_test_0000626": [3.8467336683417086, 398], "video_test_0000635": [3.857142857142857, 49], "video_test_0000664": [3.843283582089552, 134], "video_test_0000665": [3.8438661710037176, 538], "video_test_0000671": [3.8461538461538463, 182], "video_test_0000672": [3.888888888888889, 63], "video_test_0000673": [3.849056603773585, 265], "video_test_0000689": [3.8374384236453203, 203], "video_test_0000691": [3.8442028985507246, 276], "video_test_0000698": [3.8846153846153846, 26], "video_test_0000701": [3.87, 100], "video_test_0000714": [3.842857142857143, 280], "video_test_0000716": [3.839541547277937, 1047], "video_test_0000718": [3.857142857142857, 63], "video_test_0000723": [3.8441926345609065, 353], "video_test_0000724": [3.8451327433628317, 226], "video_test_0000730": [3.8433734939759034, 166], "video_test_0000737": [3.847826086956522, 230], "video_test_0000740": [3.844236760124611, 642], "video_test_0000756": [3.8392857142857144, 56], "video_test_0000762": [3.8502415458937196, 207], "video_test_0000765": [3.8360655737704916, 183], "video_test_0000767": [3.8583333333333334, 120], "video_test_0000771": [3.8448275862068964, 348], "video_test_0000785": [3.846715328467153, 137], "video_test_0000786": [3.843137254901961, 153], "video_test_0000793": [3.8366488140780413, 2614], "video_test_0000796": [3.8535353535353534, 198], "video_test_0000798": [3.8579881656804735, 169], "video_test_0000807": [3.850806451612903, 248], "video_test_0000814": [3.8374558303886928, 283], "video_test_0000839": [3.839464882943144, 598], "video_test_0000844": [3.8484848484848486, 264], "video_test_0000846": [3.880952380952381, 42], "video_test_0000847": [3.845108695652174, 368], "video_test_0000854": [3.847457627118644, 354], "video_test_0000864": [3.8426229508196723, 305], "video_test_0000873": [3.8518518518518516, 54], "video_test_0000882": [3.8402061855670104, 388], "video_test_0000887": [3.844112769485904, 603], "video_test_0000896": [3.8389830508474576, 354], "video_test_0000897": [3.8502673796791442, 187], "video_test_0000903": [3.841463414634146, 492], "video_test_0000940": [3.8482758620689657, 145], "video_test_0000946": [3.86046511627907, 43], "video_test_0000950": [3.2, 2055], "video_test_0000964": [3.86734693877551, 98], "video_test_0000981": [3.883720930232558, 43], "video_test_0000987": [3.8472222222222223, 288], "video_test_0000989": [3.8410596026490067, 302], "video_test_0000991": [3.8515625, 128], "video_test_0001008": [3.8451612903225807, 155], "video_test_0001038": [3.8412698412698414, 189], "video_test_0001039": [3.8469945355191255, 366], "video_test_0001040": [3.8442028985507246, 276], "video_test_0001058": [3.200132538104705, 1509], "video_test_0001064": [3.8465116279069766, 430], "video_test_0001066": [3.8361344537815127, 238], "video_test_0001072": [3.8404494382022474, 445], "video_test_0001075": [3.8393939393939394, 330], "video_test_0001076": [3.8316831683168315, 101], "video_test_0001078": [3.8421052631578947, 152], "video_test_0001079": [3.843342036553525, 766], "video_test_0001080": [3.869158878504673, 107], "video_test_0001081": [3.8360655737704916, 183], "video_test_0001098": [3.8494208494208495, 259], "video_test_0001114": [3.8666666666666667, 75], "video_test_0001118": [3.8623853211009176, 109], "video_test_0001123": [3.8403990024937658, 401], "video_test_0001127": [3.847517730496454, 282], "video_test_0001129": [3.857142857142857, 105], "video_test_0001134": [3.8397212543554007, 287], "video_test_0001135": [3.8513513513513513, 74], "video_test_0001146": [3.8436578171091447, 339], "video_test_0001153": [3.845, 200], "video_test_0001159": [3.8398727465535525, 943], "video_test_0001162": [3.851063829787234, 188], "video_test_0001163": [3.8471337579617835, 157], "video_test_0001164": [3.8366111951588504, 1322], "video_test_0001168": [3.8421052631578947, 171], "video_test_0001174": [3.8438356164383563, 365], "video_test_0001182": [3.849462365591398, 186], "video_test_0001194": [3.8507462686567164, 201], "video_test_0001195": [3.200711743772242, 1405], "video_test_0001201": [3.84031007751938, 645], "video_test_0001202": [3.859154929577465, 71], "video_test_0001207": [3.0725058004640373, 1724], "video_test_0001209": [3.843065693430657, 548], "video_test_0001219": [3.8451882845188283, 239], "video_test_0001223": [3.845303867403315, 181],